{
  "id": "2191538",
  "name": "xue'li",
  "font_family": "iconfont",
  "css_prefix_text": "icon",
  "description": "",
  "glyphs": [
    {
      "icon_id": "479405",
      "name": "加入购物车",
      "font_class": "jiarugouwuche",
      "unicode": "e616",
      "unicode_decimal": 58902
    },
    {
      "icon_id": "11672345",
      "name": "订单列表",
      "font_class": "dingdanliebiao",
      "unicode": "e60a",
      "unicode_decimal": 58890
    },
    {
      "icon_id": "15723125",
      "name": "收藏",
      "font_class": "shoucang",
      "unicode": "e601",
      "unicode_decimal": 58881
    }
  ]
}
